0,Chris Robinson,VAN,23,195.58,90.7184,Western Kentucky,USA,1996,2,51,41,4.6,1.7,1.6,-11.4,0.039,0.088,0.155,0.486,0.156,1996-97
1,Matt Fish,MIA,27,210.82,106.59412,North Carolina-Wilmington,USA,1992,2,50,6,0.3,0.8,0,-15.1,0.143,0.267,0.265,0.333,0,1996-97
2,Matt Bullard,HOU,30,208.28,106.59412,Iowa,USA,1900,1900,1900,71,4.5,1.6,0.9,0.9,0.016,0.115,0.151,0.535,0.099,1996-97
3,Marty Conlon,BOS,29,210.82,111.13004,Providence,USA,1900,1900,1900,74,7.8,4.4,1.4,-9,0.083,0.152,0.167,0.542,0.101,1996-97
4,Martin Muursepp,DAL,22,205.74,106.59412,None,USA,1996,1,25,42,3.7,1.6,0.5,-14.5,0.109,0.118,0.233,0.482,0.114,1996-97
5,Martin Lewis,TOR,22,198.12,102.0582,Seward County Community College,USA,1995,2,50,9,1.6,0.7,0.4,-3.5,0.087,0.045,0.135,0.47,0.125,1996-97
6,Mark West,CLE,36,208.28,111.583632,Old Dominion,USA,1983,2,30,70,3.2,2.7,0.3,3.5,0.092,0.146,0.137,0.555,0.034,1996-97
7,Mark Strickland,MIA,26,208.28,99.79024,Temple,USA,1900,1900,1900,31,2,1.2,0,-17.1,0.109,0.152,0.232,0.448,0.013,1996-97
8,Mark Price,GSW,33,182.88,81.64656,Georgia Tech,USA,1986,2,25,70,11.3,2.6,4.9,-3.1,0.023,0.088,0.192,0.597,0.289,1996-97
9,Mark Jackson,IND,32,190.5,83.91452,St. John's (NY),USA,1987,1,18,82,9.9,4.8,11.4,-2,0.035,0.116,0.155,0.525,0.464,1996-97
10,Mark Hendrickson,PHI,23,205.74,99.79024,Washington State,USA,1996,2,31,29,2.9,3.2,0.1,-5.1,0.113,0.201,0.133,0.481,0.014,1996-97
11,Mark Davis,PHI,24,200.66,95.25432,Texas Tech,USA,1995,2,48,75,8.5,4.3,1.8,-7.4,0.086,0.122,0.177,0.525,0.125,1996-97
12,Mark Bryant,PHX,32,205.74,111.13004,Seton Hall,USA,1988,1,21,41,9.3,5.2,1.1,3.3,0.084,0.186,0.167,0.589,0.072,1996-97
13,Mark Bradtke,PHI,28,208.28,120.20188,None,USA,1900,1900,1900,36,1.6,1.9,0.2,0.9,0.107,0.176,0.118,0.463,0.043,1996-97
14,Mario Elie,HOU,33,195.58,95.25432,American International,USA,1985,7,160,78,11.7,3,4,5.6,0.028,0.075,0.139,0.662,0.172,1996-97
15,Marcus Camby,TOR,23,210.82,99.79024,Massachusetts,USA,1996,1,2,63,14.8,6.3,1.5,-1.5,0.079,0.165,0.241,0.523,0.092,1996-97
16,Marcus Brown,POR,23,190.5,83.91452,Murray State,USA,1996,2,46,21,3.9,0.7,1,4,0.027,0.07,0.221,0.523,0.169,1996-97
17,Malik Sealy,LAC,27,203.2,90.7184,St. John's (NY),USA,1992,1,14,80,13.5,3,2.1,-8,0.027,0.09,0.222,0.504,0.114,1996-97
18,Malik Rose,CHH,22,200.66,113.398,Drexel,USA,1996,2,44,54,3,3,0.6,1.3,0.169,0.219,0.161,0.515,0.089,1996-97
19,Mahmoud Abdul-Rauf,SAC,28,185.42,73.481904,Louisiana State,USA,1990,1,3,75,13.7,1.6,2.5,-4.9,0.009,0.059,0.234,0.524,0.154,1996-97
20,Lucious Harris,PHI,26,195.58,92.98636,Long Beach State,USA,1993,2,28,54,5.4,1.3,0.9,-5.5,0.036,0.065,0.184,0.466,0.105,1996-97
21,Luc Longley,CHI,28,218.44,132.448864,New Mexico,USA,1991,1,7,59,9.1,5.6,2.4,10.4,0.095,0.159,0.197,0.499,0.141,1996-97
22,Loy Vaught,LAC,29,205.74,108.86208,Michigan,USA,1990,1,13,82,14.9,10,1.3,-7.7,0.088,0.255,0.208,0.523,0.07,1996-97
23,Lou Roe,GSW,24,200.66,99.79024,Massachusetts,USA,1995,2,30,17,2.4,0.8,0.4,-14.4,0.054,0.069,0.249,0.355,0.103,1996-97
24,Matt Geiger,CHH,27,215.9,111.13004,Georgia Tech,USA,1992,2,42,49,8.9,5.3,0.8,0.9,0.12,0.179,0.215,0.538,0.065,1996-97
25,Matt Maloney,HOU,25,190.5,90.7184,Pennsylvania,USA,1900,1900,1900,82,9.4,2,3.7,6.3,0.01,0.064,0.147,0.585,0.188,1996-97
26,Matt Steigenga,CHI,27,200.66,102.0582,Michigan State,USA,1992,2,52,2,1.5,1.5,1,-19.8,0,0.167,0.341,0.307,0.333,1996-97
27,Melvin Booker,GSW,24,187.96,83.91452,Missouri,USA,1900,1900,1900,21,5.8,1.4,2.5,-3.8,0.018,0.064,0.144,0.536,0.196,1996-97
28,Pervis Ellison,BOS,30,205.74,95.25432,Louisville,USA,1989,1,1,6,2.5,4.3,0.7,1.2,0.088,0.167,0.09,0.412,0.04,1996-97
29,Patrick Ewing,NYK,34,213.36,108.86208,Georgetown,Jamaica,1985,1,1,78,22.4,10.7,2,6.4,0.077,0.258,0.297,0.548,0.106,1996-97
30,P.J. Brown,MIA,27,210.82,108.86208,Louisiana Tech,USA,1992,2,29,80,9.5,8.4,1.2,7.4,0.11,0.192,0.157,0.505,0.059,1996-97
31,Otis Thorpe,DET,34,208.28,111.583632,Providence,USA,1984,1,9,79,13.1,7.9,1.7,6.2,0.108,0.182,0.2,0.563,0.089,1996-97
32,Othella Harrington,HOU,23,205.74,106.59412,Georgetown,USA,1996,2,30,57,4.8,3.5,0.3,0.4,0.103,0.155,0.154,0.57,0.033,1996-97
33,Oliver Miller,TOR,27,205.74,140.61352,Arkansas,USA,1992,1,22,61,4.8,5,1.4,-1,0.107,0.204,0.141,0.539,0.116,1996-97
34,Olden Polynice,SAC,32,213.36,113.398,Virginia,USA,1987,1,8,82,12.5,9.4,2.2,-3.2,0.11,0.203,0.194,0.476,0.1,1996-97
35,Nick Van Exel,LAL,25,185.42,83.007336,Cincinnati,USA,1993,2,37,79,15.3,2.9,8.5,3.8,0.017,0.071,0.209,0.518,0.358,1996-97
36,Nick Anderson,ORL,29,198.12,103.418976,Illinois,USA,1989,1,11,63,12,4.8,2.9,3.6,0.035,0.128,0.18,0.494,0.137,1996-97
37,Nate McMillan,SEA,32,195.58,90.7184,North Carolina State,USA,1986,2,30,37,4.6,3.2,3.8,14.1,0.023,0.161,0.113,0.522,0.265,1996-97
38,Nate Driggers,BOS,23,195.58,97.52228,Montevallo,USA,1900,1900,1900,15,2.4,1.5,0.4,-24,0.079,0.098,0.162,0.366,0.078,1996-97
39,Lorenzo Williams,WAS,27,205.74,104.32616,Stetson,USA,1900,1900,1900,19,2.4,3.6,0.2,-10.9,0.121,0.181,0.087,0.66,0.022,1996-97
40,Muggsy Bogues,CHH,32,160.02,63.956472,Wake Forest,USA,1987,1,12,65,8,2.2,7.2,6,0.017,0.074,0.149,0.554,0.366,1996-97
41,Moochie Norris,VAN,23,187.96,85.275296,West Florida,USA,1996,2,33,8,1.5,1.5,2.9,-30.5,0.038,0.105,0.149,0.248,0.418,1996-97
42,Monty Williams,SAS,25,203.2,102.0582,Notre Dame,USA,1994,1,24,65,9,3.2,1.4,-6.3,0.085,0.099,0.225,0.543,0.127,1996-97
43,Mitchell Butler,POR,26,195.58,95.25432,UCLA,USA,1900,1900,1900,49,3,1.1,0.6,4.6,0.046,0.074,0.168,0.503,0.114,1996-97
44,Mitch Richmond,SAC,32,195.58,97.52228,Kansas State,USA,1988,1,5,81,25.9,3.9,4.2,-2,0.022,0.097,0.294,0.578,0.203,1996-97
45,Mike Brown,PHX,33,208.28,117.93392,George Washington,USA,1985,3,69,6,2.7,4.2,0.8,1.7,0.141,0.271,0.109,0.488,0.089,1996-97
46,Michael Smith,SAC,25,203.2,104.32616,Providence,USA,1994,2,35,81,6.5,9.5,2.4,-1.8,0.118,0.239,0.11,0.545,0.112,1996-97
47,Michael Jordan,CHI,34,198.12,97.975872,North Carolina,USA,1984,1,3,82,29.6,5.9,4.3,13.4,0.042,0.132,0.331,0.567,0.208,1996-97
48,Michael Hawkins,BOS,24,182.88,80.739376,Xavier,USA,1900,1900,1900,29,2.8,1.1,2.2,-10.3,0.028,0.082,0.126,0.536,0.281,1996-97
49,Michael Finley,DAL,24,200.66,97.52228,Wisconsin,USA,1995,1,21,83,15,4.5,2.7,-6.5,0.036,0.12,0.221,0.53,0.147,1996-97
50,Michael Curry,DET,28,195.58,95.25432,Georgia Southern,USA,1900,1900,1900,81,3.9,1.5,0.5,6.7,0.024,0.094,0.12,0.592,0.062,1996-97
51,Michael Cage,PHI,35,205.74,112.490816,San Diego State,USA,1984,1,14,82,1.8,3.9,0.5,-12,0.097,0.193,0.062,0.475,0.053,1996-97
52,Mookie Blaylock,ATL,30,185.42,83.91452,Oklahoma,USA,1989,1,12,78,17.4,5.3,5.9,10.5,0.046,0.114,0.221,0.548,0.272,1996-97
53,Pete Chilcutt,VAN,28,208.28,108.86208,North Carolina,USA,1991,1,27,54,3.4,2.9,0.9,-16.2,0.116,0.17,0.139,0.521,0.117,1996-97
54,Lorenzen Wright,LAC,21,210.82,108.86208,Memphis,USA,1996,1,7,77,7.3,6.1,0.6,-3.7,0.12,0.168,0.146,0.503,0.039,1996-97
55,Lloyd Daniels,NJN,29,200.66,92.98636,Mt. San Antonio,USA,1900,1900,1900,22,4.5,2,1.2,-8.9,0.058,0.103,0.185,0.403,0.135,1996-97
56,Keith Askins,MIA,29,203.2,101.604608,Alabama,USA,1900,1900,1900,78,4.9,3.5,1,6.1,0.059,0.127,0.108,0.557,0.068,1996-97
57,Karl Malone,UTA,33,205.74,116.119552,Louisiana Tech,USA,1985,1,13,82,27.4,9.9,4.5,12.8,0.086,0.243,0.325,0.6,0.234,1996-97
58,Juwan Howard,WAS,24,205.74,113.398,Michigan,USA,1994,1,5,82,19.1,8,3.8,1.3,0.073,0.156,0.234,0.529,0.15,1996-97
59,Jud Buechler,CHI,29,198.12,103.418976,Arizona,USA,1990,2,38,76,1.8,1.7,0.8,5.4,0.07,0.121,0.12,0.423,0.121,1996-97
60,Jon Barry,ATL,27,195.58,92.98636,Georgia Tech,USA,1992,1,21,58,4.9,1.7,2,5,0.031,0.087,0.152,0.535,0.193,1996-97
61,Johnny Newman,MIL,33,200.66,90.7184,Richmond,USA,1986,2,29,82,8.7,2.3,1.4,0.2,0.041,0.072,0.175,0.545,0.092,1996-97
62,John Wallace,NYK,23,205.74,102.0582,Syracuse,USA,1996,1,18,68,4.8,2.3,0.5,2.7,0.08,0.148,0.204,0.571,0.081,1996-97
63,John Stockton,UTA,35,185.42,79.3786,Gonzaga,USA,1984,1,16,82,14.4,2.8,10.5,11.4,0.021,0.075,0.186,0.656,0.45,1996-97
64,John Starks,NYK,31,195.58,83.91452,Oklahoma State,USA,1900,1900,1900,77,13.8,2.7,2.8,6.5,0.021,0.094,0.246,0.555,0.199,1996-97
65,John Long,TOR,40,195.58,90.7184,Detroit Mercy,USA,1978,2,29,32,4,1.3,0.7,-9.8,0.017,0.101,0.182,0.499,0.104,1996-97
66,John Crotty,MIA,27,187.96,83.91452,Virginia,USA,1900,1900,1900,48,4.8,1,2.1,-2.1,0.029,0.059,0.161,0.637,0.287,1996-97
67,Joe Wolf,MIL,32,210.82,117.93392,North Carolina,USA,1987,1,13,56,1.7,2,0.4,-3.5,0.072,0.191,0.097,0.488,0.056,1996-97
68,Joe Stephens,HOU,24,200.66,95.25432,Arkansas-Little Rock,USA,1900,1900,1900,2,1.5,1.5,0,-17.4,0.25,0.111,0.279,0.3,0,1996-97
69,Joe Smith,GSW,21,208.28,102.0582,Maryland,USA,1995,1,1,80,18.7,8.5,1.6,-3.3,0.103,0.163,0.239,0.512,0.07,1996-97
70,Joe Kleine,NJN,35,213.36,122.923432,Arkansas,USA,1985,1,6,59,2.8,3.4,0.6,-7.6,0.081,0.191,0.118,0.45,0.065,1996-97
71,Joe Dumars,DET,34,190.5,88.45044,McNeese State,USA,1985,1,18,79,14.7,2.4,4,6.1,0.017,0.065,0.19,0.586,0.185,1996-97
72,Joe Courtney,SAS,27,203.2,106.59412,Southern Mississippi,USA,1900,1900,1900,9,2.8,1.8,0,-6.1,0.097,0.095,0.151,0.388,0,1996-97
73,Jimmy Oliver,TOR,27,195.58,92.98636,Purdue,USA,1991,2,39,4,2.8,1.3,0.3,-40.8,0.024,0.108,0.165,0.396,0.038,1996-97
74,Jimmy King,DEN,23,195.58,95.25432,Michigan,USA,1995,2,35,2,3,1,1,-42.5,0.08,0,0.162,0.387,0.2,1996-97
75,Jimmy Carruth,MIL,27,208.28,120.20188,Virginia Tech,USA,1900,1900,1900,4,1.3,1,0,-17.7,0,0.211,0.103,0.727,0,1996-97
76,Jim McIlvaine,SEA,24,215.9,117.93392,Marquette,USA,1994,2,32,82,3.8,4,0.3,9.7,0.103,0.152,0.116,0.487,0.022,1996-97
77,Jim Jackson,NJN,26,198.12,97.52228,Ohio State,USA,1992,1,4,77,15.9,5.3,4.1,-8.4,0.051,0.113,0.214,0.526,0.191,1996-97
78,Jerry Stackhouse,PHI,22,198.12,98.883056,North Carolina,USA,1995,1,3,81,20.7,4.2,3.1,-6.8,0.053,0.063,0.254,0.524,0.134,1996-97
79,Keith Tower,MIL,27,210.82,113.398,Notre Dame,USA,1900,1900,1900,5,1.4,1.8,0.2,5.6,0.029,0.106,0.087,0.304,0.024,1996-97
80,Ken Norman,ATL,32,203.2,97.52228,Illinois,USA,1987,1,19,17,3.8,2.3,0.7,-9.1,0.039,0.142,0.234,0.322,0.107,1996-97
81,Kendall Gill,NJN,29,195.58,97.975872,Illinois,USA,1990,1,5,82,21.8,6.1,4,-3.6,0.058,0.114,0.255,0.53,0.182,1996-97
82,Kenny Anderson,POR,26,185.42,76.203456,Georgia Tech,USA,1991,1,2,82,17.5,4.4,7.1,4.8,0.036,0.102,0.222,0.54,0.31,1996-97
83,Litterial Green,DET,27,185.42,83.91452,Georgia,USA,1992,2,39,45,2,0.5,0.9,17,0.025,0.055,0.159,0.531,0.224,1996-97
84,Lionel Simmons,SAC,28,200.66,95.25432,La Salle,USA,1990,1,7,41,3.4,2.5,1.4,-10.5,0.065,0.173,0.162,0.442,0.179,1996-97
85,Lindsey Hunter,DET,26,187.96,88.45044,Jackson State,USA,1993,1,10,82,14.2,2.8,1.9,5.1,0.025,0.071,0.201,0.515,0.088,1996-97
86,Lee Mayberry,VAN,27,185.42,81.64656,Arkansas,USA,1992,1,23,80,5.1,1.7,4.1,-11,0.017,0.064,0.115,0.525,0.265,1996-97
87,Lawrence Moten,VAN,25,195.58,86.18248,Syracuse,USA,1995,2,36,67,6.7,1.8,1.9,-10.6,0.04,0.076,0.215,0.461,0.18,1996-97
88,Latrell Sprewell,GSW,26,195.58,86.18248,Alabama,USA,1992,1,24,80,24.2,4.6,6.3,-3.3,0.021,0.11,0.271,0.57,0.27,1996-97
89,Larry Stewart,SEA,28,203.2,104.32616,Coppin State,USA,1900,1900,1900,70,4.3,2.4,0.7,5.8,0.089,0.115,0.161,0.512,0.079,1996-97
90,Larry Krystkowiak,LAL,32,205.74,99.79024,Montana,USA,1986,2,28,3,1,1.7,1,13.9,0.182,0.3,0.14,0.521,0.273,1996-97
91,Larry Johnson,NYK,28,200.66,119.294696,Nevada-Las Vegas,USA,1991,1,1,76,12.8,5.2,2.3,4.7,0.08,0.103,0.178,0.57,0.115,1996-97
92,Lamond Murray,LAC,24,200.66,107.047712,California,USA,1994,1,7,74,7.4,3.1,0.8,-1.4,0.071,0.138,0.209,0.52,0.077,1996-97
93,LaSalle Thompson,IND,36,208.28,111.13004,Texas,USA,1982,1,5,26,0.4,1.3,0.1,-12.8,0.062,0.205,0.098,0.231,0.024,1996-97
94,Loren Meyer,PHX,24,208.28,117.93392,Iowa State,USA,1995,1,24,54,4.9,2.7,0.4,-6.7,0.085,0.14,0.215,0.489,0.046,1996-97
95,LaPhonso Ellis,DEN,27,203.2,108.86208,Notre Dame,USA,1992,1,5,55,21.9,7,2.4,-5.9,0.061,0.163,0.28,0.529,0.122,1996-97
96,Kobe Bryant,LAL,18,200.66,90.7184,None,USA,1996,1,13,71,7.6,1.9,1.3,2.2,0.048,0.084,0.244,0.544,0.144,1996-97
97,Khalid Reeves,DAL,24,190.5,91.171992,Arizona,USA,1994,1,12,63,8.2,1.9,3.6,-9.7,0.025,0.072,0.193,0.508,0.272,1996-97
98,Kevin Willis,HOU,34,213.36,111.13004,Michigan State,USA,1984,1,11,75,11.2,7.5,0.9,0.9,0.092,0.241,0.22,0.515,0.064,1996-97
99,Kevin Salvadori,SAC,26,213.36,104.779752,North Carolina,USA,1900,1900,1900,23,1.6,1.1,0.4,3.5,0.047,0.124,0.15,0.452,0.089,1996-97
100,Kevin Johnson,PHX,31,185.42,86.18248,California,USA,1987,1,7,70,20.1,3.6,9.3,2.9,0.024,0.085,0.226,0.631,0.388,1996-97
101,Kevin Garnett,MIN,21,210.82,99.79024,None,USA,1995,1,5,77,17,8,3.1,2.8,0.077,0.166,0.215,0.537,0.139,1996-97
102,Kevin Gamble,SAC,31,195.58,95.25432,Iowa,USA,1987,3,63,62,5,1.7,1.2,-5.6,0.015,0.119,0.149,0.529,0.131,1996-97
103,Kevin Edwards,NJN,31,190.5,95.25432,DePaul,USA,1988,1,20,32,5.9,1.3,1.8,-10.1,0.02,0.086,0.224,0.47,0.199,1996-97
104,Kevin Duckworth,LAC,33,213.36,136.0776,Eastern Illinois,USA,1986,2,33,26,4,2.3,0.6,-19.5,0.07,0.123,0.172,0.473,0.069,1996-97
105,Kerry Kittles,NJN,23,195.58,81.192968,Villanova,USA,1996,1,8,82,16.4,3.9,3,-5.2,0.035,0.082,0.199,0.523,0.139,1996-97
106,Kenny Smith,DEN,32,190.5,77.11064,North Carolina,USA,1987,1,6,48,6.3,0.9,2.4,-14.2,0.006,0.058,0.194,0.58,0.262,1996-97
107,Kurt Thomas,MIA,24,205.74,106.59412,Texas Christian,USA,1995,1,10,18,6.3,5.9,0.5,-0.8,0.094,0.239,0.183,0.451,0.042,1996-97
108,Pooh Richardson,LAC,31,185.42,81.64656,UCLA,USA,1989,1,10,59,5.6,1.7,2.9,-5.2,0.026,0.08,0.178,0.455,0.271,1996-97
109,Popeye Jones,TOR,27,203.2,113.398,Murray State,USA,1992,2,41,79,7.8,8.6,1.1,-2.8,0.127,0.209,0.13,0.521,0.056,1996-97
110,Priest Lauderdale,ATL,23,223.52,155.582056,Central State (OH),USA,1996,1,28,35,3.2,1.2,0.3,-4,0.093,0.164,0.284,0.56,0.107,1996-97
111,Tom Gugliotta,MIN,27,208.28,108.86208,North Carolina State,USA,1992,1,6,81,20.6,8.7,4.1,-2,0.072,0.193,0.277,0.526,0.194,1996-97
112,Tom Chambers,CHH,38,208.28,99.79024,Utah,USA,1981,1,8,12,1.6,1.2,0.3,-33.6,0.043,0.169,0.236,0.29,0.077,1996-97
113,Todd Fuller,GSW,22,210.82,115.66596,North Carolina State,USA,1996,1,11,75,4,3.3,0.3,-8.6,0.127,0.171,0.166,0.48,0.04,1996-97
114,Todd Day,BOS,27,198.12,85.275296,Arkansas,USA,1992,1,8,81,14.5,4.1,1.4,-7.8,0.05,0.122,0.236,0.514,0.085,1996-97
115,Tim Legler,WAS,30,193.04,90.7184,La Salle,USA,1900,1900,1900,15,2.9,1.4,0.5,-3.5,0,0.133,0.151,0.431,0.055,1996-97
116,Tim Kempton,SAS,33,208.28,111.13004,Notre Dame,USA,1986,6,124,10,0.4,0.8,0.2,-6.2,0.051,0.088,0.099,0.34,0.061,1996-97
117,Tim Hardaway,MIA,30,182.88,88.45044,Texas-El Paso,USA,1989,1,14,81,20.3,3.4,8.6,8.9,0.018,0.083,0.264,0.532,0.404,1996-97
118,Theo Ratliff,DET,24,208.28,102.0582,Wyoming,USA,1995,1,18,76,5.8,3.4,0.2,7.3,0.11,0.134,0.168,0.566,0.016,1996-97
119,Terry Porter,MIN,34,190.5,88.45044,Wisconsin-Stevens Point,USA,1985,1,24,82,6.9,2.1,3.6,2.1,0.024,0.109,0.19,0.544,0.316,1996-97
120,Terry Mills,DET,29,208.28,113.398,Michigan,USA,1990,1,16,79,10.8,4.8,1.3,11.4,0.045,0.188,0.205,0.585,0.089,1996-97
121,Terry Dehere,LAC,25,193.04,86.18248,Seton Hall,USA,1993,1,13,73,6.4,1.3,2.2,-0.5,0.016,0.088,0.233,0.524,0.261,1996-97
122,Terry Cummings,SEA,36,205.74,113.398,DePaul,USA,1982,1,2,45,8.2,4.1,0.9,1.3,0.104,0.174,0.232,0.521,0.088,1996-97
123,Terrell Brandon,CLE,27,180.34,81.64656,Oregon,USA,1991,1,11,78,19.5,3.9,6.3,2.7,0.022,0.119,0.283,0.526,0.337,1996-97
124,Stojko Vrankovic,MIN,33,218.44,117.93392,None,USA,1900,1900,1900,53,3.4,3.2,0.3,-7.1,0.089,0.169,0.125,0.583,0.028,1996-97
125,Stevin Smith,DAL,25,187.96,94.347136,Arizona State,USA,1900,1900,1900,8,1.8,1.3,0.5,-6.8,0.029,0.157,0.163,0.38,0.118,1996-97
126,Steven Smith,ATL,28,203.2,97.52228,Michigan State,USA,1991,1,5,72,20.1,3.3,4.2,7.4,0.04,0.061,0.253,0.548,0.203,1996-97
127,Steve Scheffler,SEA,29,205.74,113.398,Purdue,USA,1990,2,39,7,1.6,0.4,0,-19.9,0.043,0.077,0.186,0.799,0,1996-97
128,Steve Nash,PHX,23,190.5,88.45044,Santa Clara,Canada,1996,1,15,65,3.3,1,2.1,-8.5,0.026,0.083,0.17,0.539,0.301,1996-97
129,Steve Kerr,CHI,31,190.5,81.64656,Arizona,USA,1988,2,50,82,8.1,1.6,2.1,10.1,0.018,0.062,0.13,0.667,0.14,1996-97
130,Steve Hamer,BOS,23,213.36,111.13004,Tennessee,USA,1996,2,38,35,2.2,1.7,0.2,-3.1,0.065,0.181,0.126,0.545,0.037,1996-97
131,Stephon Marbury,MIN,20,187.96,81.64656,Georgia Tech,USA,1996,1,4,67,15.8,2.7,7.8,-3.1,0.028,0.066,0.244,0.519,0.373,1996-97
132,Stephen Howard,UTA,26,205.74,111.13004,DePaul,USA,1900,1900,1900,49,3.6,1.7,0.2,0.1,0.094,0.164,0.187,0.613,0.046,1996-97
133,Stanley Roberts,LAC,27,213.36,131.54168,Louisiana State,USA,1991,1,23,18,9.5,5.1,0.5,2.6,0.071,0.218,0.238,0.485,0.049,1996-97
134,Tom Hammonds,DEN,30,205.74,102.0582,Georgia Tech,USA,1989,1,9,81,6.2,5,0.8,-7.3,0.09,0.172,0.142,0.534,0.058,1996-97
135,Toni Kukoc,CHI,28,210.82,105.233344,None,Croatia,1990,2,29,57,13.2,4.6,4.5,15.2,0.069,0.12,0.214,0.553,0.232,1996-97
136,Tony Delk,CHH,23,187.96,85.728888,Kentucky,USA,1996,1,16,61,5.4,1.6,1.6,0.9,0.044,0.09,0.182,0.596,0.187,1996-97
137,Tony Dumas,PHX,24,198.12,86.18248,Missouri-Kansas City,USA,1994,1,19,24,3.6,0.7,1,-4.1,0.012,0.055,0.199,0.402,0.134,1996-97
138,Xavier McDaniel,NJN,34,200.66,98.883056,Wichita State,USA,1985,1,4,62,5.6,5.1,1,-0.8,0.113,0.182,0.168,0.439,0.085,1996-97
139,Willie Burton,ATL,29,203.2,95.25432,Minnesota,USA,1990,1,9,24,6.2,1.7,0.5,-4.8,0.033,0.097,0.21,0.507,0.056,1996-97
140,Willie Anderson,MIA,30,203.2,90.7184,Georgia,USA,1988,1,10,28,3,1.5,1.2,-1,0.06,0.118,0.146,0.57,0.191,1996-97
141,Will Perdue,SAS,31,213.36,108.86208,Vanderbilt,USA,1988,1,11,65,8.7,9.8,0.6,-4.7,0.155,0.25,0.139,0.582,0.033,1996-97
142,Wesley Person,PHX,26,198.12,88.45044,Auburn,USA,1994,1,23,80,13.5,3.7,1.5,0.7,0.033,0.114,0.195,0.567,0.084,1996-97
143,Wayman Tisdale,PHX,33,205.74,117.93392,Oklahoma,USA,1985,1,2,53,6.5,2.3,0.4,-3.5,0.052,0.127,0.253,0.441,0.045,1996-97
144,Walter McCarty,NYK,23,208.28,104.32616,Kentucky,USA,1996,1,19,35,1.8,0.7,0.4,3.2,0.056,0.08,0.217,0.431,0.116,1996-97
145,Walt Williams,TOR,27,203.2,104.32616,Maryland,USA,1992,1,7,73,16.4,5,2.7,-1.7,0.046,0.122,0.215,0.551,0.128,1996-97
146,Voshon Lenard,MIA,24,193.04,92.98636,Minnesota,USA,1994,2,46,73,12.3,3,2.2,8.2,0.022,0.095,0.187,0.614,0.131,1996-97
147,Vlade Divac,CHH,29,215.9,117.93392,None,SerbiaAndMontenegro,1989,1,26,81,12.6,9,3.7,5.4,0.107,0.197,0.194,0.533,0.172,1996-97
148,Vitaly Potapenko,CLE,22,208.28,127.00576,Wright State,Ukraine,1996,1,12,80,5.8,2.7,0.5,-0.2,0.106,0.119,0.234,0.486,0.064,1996-97
149,Stacey King,DAL,30,210.82,113.398,Oklahoma,USA,1989,1,6,11,2.2,2.5,0.1,-18.7,0.112,0.232,0.135,0.478,0.018,1996-97
150,Vinny Del Negro,SAS,30,193.04,90.7184,North Carolina State,USA,1988,2,29,72,12.3,2.9,3.2,-8.1,0.02,0.094,0.192,0.528,0.178,1996-97
151,Vin Baker,MIL,25,210.82,111.13004,Hartford,USA,1993,1,8,78,21,10.3,2.7,-1.6,0.107,0.206,0.255,0.553,0.12,1996-97
152,Vernon Maxwell,SAS,31,193.04,86.18248,Florida,USA,1988,2,47,72,12.9,2.2,2.1,-7,0.015,0.079,0.248,0.471,0.136,1996-97
153,Tyus Edney,SAC,24,177.8,68.945984,UCLA,USA,1995,2,47,70,6.9,1.6,3.2,-2,0.028,0.067,0.192,0.499,0.264,1996-97
154,Tyrone Hill,CLE,29,205.74,111.13004,Xavier,USA,1990,1,11,74,12.9,9.9,1.2,5.3,0.131,0.245,0.178,0.626,0.065,1996-97
155,Tyrone Corbin,ATL,34,198.12,102.0582,DePaul,USA,1985,2,35,70,9.5,4.2,1.8,10.5,0.041,0.111,0.153,0.514,0.089,1996-97
156,Travis Knight,LAL,22,213.36,106.59412,Connecticut,USA,1996,1,29,71,4.8,4.5,0.5,6.2,0.127,0.182,0.142,0.536,0.052,1996-97
157,Travis Best,IND,24,180.34,82.553744,Georgia Tech,USA,1995,1,23,76,9.9,2.2,4.2,2.5,0.021,0.074,0.193,0.533,0.265,1996-97
158,Tracy Murray,WAS,25,200.66,103.418976,UCLA,USA,1992,1,18,82,10,3.1,1,1.9,0.054,0.108,0.205,0.546,0.068,1996-97
159,Tracy Moore,HOU,31,193.04,90.7184,Tulsa,USA,1900,1900,1900,27,3.7,1,0.7,-7.7,0.056,0.068,0.208,0.502,0.147,1996-97
160,Tony Smith,CHH,29,193.04,92.98636,Marquette,USA,1990,2,51,69,5,1.4,2.2,0.7,0.035,0.051,0.156,0.477,0.175,1996-97
161,Tony Massenburg,NJN,29,205.74,113.398,Maryland,USA,1990,2,43,79,7.2,6.5,0.3,-6.2,0.119,0.172,0.139,0.523,0.018,1996-97
162,Vincent Askew,DEN,31,198.12,106.59412,Memphis,USA,1987,2,39,43,5.6,2.3,2.1,0,0.038,0.096,0.152,0.532,0.187,1996-97
163,Stacey Augmon,POR,28,203.2,92.98636,Nevada-Las Vegas,USA,1991,1,9,60,4.7,2.3,0.9,6,0.06,0.109,0.158,0.531,0.093,1996-97
164,Sherman Douglas,MIL,30,185.42,88.45044,Syracuse,USA,1989,2,28,79,9.7,2.4,5.4,-3,0.03,0.069,0.168,0.557,0.289,1996-97
165,Shawnelle Scott,CLE,25,210.82,113.398,St. John's (NY),USA,1994,2,43,16,1.3,1,0,6.8,0.16,0.222,0.191,0.48,0,1996-97
166,Rod Strickland,WAS,30,190.5,83.91452,DePaul,USA,1988,1,19,82,17.2,4.1,8.9,1.7,0.038,0.093,0.237,0.533,0.366,1996-97
167,Robert Werdann,NJN,26,210.82,113.398,St. John's (NY),USA,1992,2,46,6,1.5,1,0,-14.5,0.107,0.143,0.143,0.541,0,1996-97
168,Robert Parish,CHI,43,215.9,110.676448,Centenary (LA),USA,1976,1,8,43,3.7,2.1,0.5,14.9,0.114,0.13,0.201,0.514,0.082,1996-97
169,Robert Pack,DAL,28,187.96,86.18248,Southern California,USA,1900,1900,1900,54,14.3,2.7,8.4,-8.3,0.016,0.078,0.244,0.482,0.435,1996-97
170,Robert Horry,LAL,26,208.28,99.79024,Alabama,USA,1992,1,11,54,7.8,4.4,2,2.7,0.056,0.143,0.149,0.529,0.119,1996-97
171,Rik Smits,IND,30,223.52,120.20188,Marist,USA,1988,1,2,52,17.1,6.9,1.3,1.4,0.085,0.201,0.289,0.535,0.083,1996-97
172,Ricky Pierce,CHH,37,193.04,97.52228,Rice,USA,1982,1,18,60,11,2,1.3,-1.6,0.035,0.078,0.231,0.583,0.111,1996-97
173,Rick Mahorn,DET,38,208.28,117.93392,Hampton,USA,1980,2,35,22,2.5,2.4,0.3,-0.1,0.091,0.192,0.164,0.44,0.049,1996-97
174,Rick Fox,BOS,27,200.66,112.944408,North Carolina,Canada,1991,1,24,76,15.4,5.2,3.8,-6.9,0.047,0.134,0.202,0.551,0.175,1996-97
175,Richard Manning,LAC,27,210.82,111.13004,Washington,USA,1993,2,40,26,2.9,1.5,0.1,-6.8,0.079,0.136,0.211,0.425,0.027,1996-97
176,Rex Walters,PHI,27,193.04,86.18248,Kansas,USA,1993,1,16,59,6.8,1.8,1.9,-11.1,0.021,0.093,0.169,0.571,0.18,1996-97
177,Rodney Rogers,LAC,26,200.66,115.66596,Wake Forest,USA,1993,1,9,81,13.2,5.1,2.7,-3.5,0.063,0.132,0.223,0.53,0.152,1996-97
178,Rex Chapman,PHX,29,193.04,88.45044,Kentucky,USA,1988,1,8,65,13.8,2.8,2.8,2.7,0.016,0.099,0.223,0.551,0.159,1996-97
179,Reggie Slater,TOR,26,200.66,97.52228,Wyoming,USA,1900,1900,1900,26,7.8,3.7,0.8,1.5,0.108,0.163,0.228,0.558,0.092,1996-97
180,Reggie Miller,IND,31,200.66,83.91452,UCLA,USA,1987,1,11,81,21.6,3.5,3.4,0.9,0.021,0.092,0.25,0.603,0.17,1996-97
181,Reggie Jordan,MIN,29,193.04,88.45044,New Mexico State,USA,1900,1900,1900,19,2.1,1.4,0.6,4.2,0.103,0.13,0.137,0.597,0.174,1996-97
182,Reggie Geary,CLE,23,187.96,84.821704,Arizona,USA,1996,2,56,39,1.5,0.4,0.9,7.7,0.019,0.054,0.154,0.454,0.269,1996-97
183,Ray Owes,GSW,24,205.74,101.604608,Arizona,USA,1900,1900,1900,57,3.1,2.9,0.3,-8,0.117,0.187,0.166,0.442,0.043,1996-97
184,Ray Allen,MIL,21,195.58,92.98636,Connecticut,USA,1996,1,5,82,13.4,4,2.6,-2,0.046,0.109,0.211,0.541,0.133,1996-97
185,Rasheed Wallace,POR,22,210.82,102.0582,North Carolina,USA,1995,1,4,62,15.1,6.8,1.2,7.8,0.079,0.181,0.218,0.588,0.067,1996-97
186,Randy Livingston,HOU,22,193.04,94.800728,Louisiana State,USA,1996,2,42,64,3.9,1.5,2.4,0.3,0.042,0.071,0.169,0.487,0.248,1996-97
187,Randy Brown,CHI,29,187.96,86.18248,New Mexico State,USA,1991,2,31,72,4.7,1.5,1.8,10.4,0.037,0.079,0.178,0.461,0.178,1996-97
188,Randolph Childress,DET,24,187.96,85.275296,Wake Forest,USA,1995,1,19,23,1.7,0.3,0.7,-0.9,0.008,0.037,0.176,0.448,0.205,1996-97
189,Rafael Addison,CHH,32,203.2,109.315672,Syracuse,USA,1986,2,39,41,3.1,1.1,0.8,-4,0.07,0.086,0.193,0.476,0.15,1996-97
190,Reggie Williams,NJN,33,201,86,Georgetown,USA,1987,1,4,13,5.8,2.4,0.8,-12.8,0.026,0.142,0.196,0.468,0.093,1996-97
191,Jerome Williams,DET,24,205.74,93.439952,Georgetown,USA,1996,1,26,33,1.5,1.5,0.2,3,0.144,0.182,0.181,0.419,0.071,1996-97
192,Ron Harper,CHI,33,198.12,97.975872,Miami (OH),USA,1986,1,8,76,6.3,2.5,2.5,14,0.03,0.091,0.127,0.543,0.152,1996-97
193,Roy Rogers,VAN,23,208.28,106.59412,Alabama,USA,1996,1,22,82,6.6,4.7,0.6,-13.6,0.088,0.155,0.154,0.518,0.042,1996-97
194,Shawn Respert,TOR,25,187.96,83.91452,Michigan State,USA,1995,1,8,41,4.2,1,1,-4.1,0.031,0.065,0.164,0.551,0.132,1996-97
195,Shawn Kemp,SEA,27,208.28,116.119552,Trinity Valley Community College,USA,1989,1,17,81,18.7,10,1.9,8.9,0.122,0.23,0.262,0.583,0.098,1996-97
196,Shawn Bradley,DAL,25,228.6,112.490816,Brigham Young,USA,1993,1,2,73,13.2,8.4,0.7,-5.9,0.102,0.197,0.224,0.478,0.042,1996-97
197,Sharone Wright,TOR,24,210.82,117.93392,Clemson,USA,1994,1,6,60,6.5,3.1,0.5,-9.3,0.089,0.126,0.255,0.423,0.054,1996-97
198,Shareef Abdur-Rahim,VAN,20,205.74,104.32616,California,USA,1996,1,3,80,18.7,6.9,2.2,-12.3,0.089,0.142,0.275,0.518,0.12,1996-97
199,Shaquille O'Neal,LAL,25,215.9,136.0776,Louisiana State,USA,1992,1,1,51,26.2,12.5,3.1,6.9,0.119,0.26,0.314,0.556,0.159,1996-97
200,Shane Heal,MIN,26,182.88,81.64656,None,USA,1900,1900,1900,43,1.7,0.4,0.8,-0.7,0.008,0.075,0.204,0.378,0.214,1996-97
201,Shandon Anderson,UTA,23,198.12,94.347136,Georgia,USA,1996,2,54,65,5.9,2.8,0.8,2.5,0.065,0.139,0.193,0.534,0.074,1996-97
202,Sedale Threatt,HOU,35,187.96,83.91452,West Virginia Tech,USA,1983,6,139,21,3.3,1.1,1.9,-3.5,0.017,0.063,0.122,0.451,0.185,1996-97
203,Sean Rooks,LAL,27,208.28,117.93392,Arizona,USA,1992,2,30,69,3.8,2.4,0.6,1.3,0.088,0.166,0.177,0.547,0.098,1996-97
204,Sean Elliott,SAS,29,203.2,99.79024,Arizona,USA,1989,1,3,39,14.9,4.9,3.2,-5.7,0.041,0.126,0.22,0.529,0.161,1996-97
205,Rony Seikaly,ORL,32,210.82,114.758776,Syracuse,USA,1988,1,9,74,17.3,9.5,1.2,-1.7,0.122,0.197,0.238,0.567,0.064,1996-97
206,Scottie Pippen,CHI,31,200.66,103.418976,Central Arkansas,USA,1987,1,5,82,20.2,6.5,5.7,13.5,0.059,0.133,0.245,0.554,0.237,1996-97
207,Scott Burrell,GSW,26,200.66,102.511792,Connecticut,USA,1993,1,20,57,5.2,2.8,1.3,1.4,0.061,0.134,0.169,0.485,0.121,1996-97
208,Scott Brooks,NYK,31,180.34,74.84268,California-Irvine,USA,1900,1900,1900,38,1.5,0.5,0.8,3.8,0.032,0.058,0.116,0.625,0.191,1996-97
209,Sasha Danilovic,DAL,27,198.12,90.7184,None,USA,1992,2,43,56,12.5,2.4,1.8,1.5,0.019,0.069,0.196,0.552,0.103,1996-97
210,Sarunas Marciulionis,DEN,33,195.58,90.7184,None,USA,1987,6,127,17,6.8,1.8,1.5,-7.6,0.057,0.086,0.27,0.496,0.188,1996-97
211,Samaki Walker,DAL,21,205.74,108.86208,Louisville,USA,1996,1,9,43,4.9,3.4,0.4,-12.6,0.094,0.198,0.201,0.485,0.05,1996-97
212,Sam Perkins,SEA,36,205.74,115.66596,North Carolina,USA,1984,1,4,81,11,3.7,1.3,10.6,0.047,0.145,0.198,0.584,0.089,1996-97
213,Sam Mitchell,MIN,33,200.66,97.52228,Mercer,USA,1985,3,54,82,9.3,4,1,-4.9,0.064,0.124,0.183,0.523,0.068,1996-97
214,Sam Mack,HOU,27,200.66,99.79024,Houston,USA,1900,1900,1900,52,5.6,2,1.1,-1.7,0.026,0.104,0.165,0.521,0.108,1996-97
215,Sam Cassell,NJN,27,190.5,83.91452,Florida State,USA,1993,1,24,61,15.9,3,5,-1.7,0.03,0.089,0.274,0.541,0.313,1996-97
216,Rumeal Robinson,POR,30,187.96,88.45044,Michigan,USA,1990,1,10,54,3.3,0.9,1.4,4.5,0.014,0.086,0.199,0.491,0.233,1996-97
217,Ruben Nembhard,POR,25,190.5,94.347136,Weber State,USA,1900,1900,1900,10,4,0.8,1.7,-0.3,0.033,0.054,0.199,0.483,0.25,1996-97
218,Scott Williams,PHI,29,208.28,104.32616,North Carolina,USA,1900,1900,1900,62,5.8,6.4,0.7,-4.6,0.126,0.205,0.127,0.529,0.049,1996-97
219,Jerome Kersey,LAL,35,200.66,108.86208,Longwood,USA,1984,2,46,70,6.8,5.2,1.3,4.1,0.072,0.164,0.145,0.475,0.077,1996-97
220,Jerome Allen,DEN,24,193.04,83.460928,Pennsylvania,USA,1995,2,49,76,3,1.3,2,-3.7,0.031,0.088,0.154,0.449,0.264,1996-97
221,Jermaine O'Neal,POR,18,210.82,102.511792,None,USA,1996,1,17,45,4.1,2.8,0.2,1.3,0.099,0.198,0.199,0.494,0.03,1996-97
222,Chris Webber,WAS,24,208.28,111.13004,Michigan,USA,1993,1,1,72,20.1,10.3,4.6,3.4,0.101,0.207,0.244,0.554,0.193,1996-97
223,Chris Mullin,GSW,33,200.66,97.52228,St. John's (NY),USA,1985,1,7,79,14.5,4,4.1,-4.9,0.033,0.106,0.175,0.645,0.195,1996-97
224,Chris Morris,UTA,31,203.2,99.79024,Auburn,USA,1988,1,4,73,4.3,2.2,0.6,-7.3,0.049,0.155,0.178,0.486,0.075,1996-97
225,Chris Mills,CLE,27,200.66,97.975872,Arizona,USA,1993,1,22,80,13.4,6.2,2.5,4.5,0.048,0.157,0.175,0.544,0.111,1996-97
226,Chris Jent,NYK,27,200.66,99.79024,Ohio State,USA,1900,1900,1900,3,2,0.3,0.3,-29.8,0.1,0,0.233,0.5,0.125,1996-97
227,Chris Gatling,NJN,29,208.28,104.32616,Old Dominion,USA,1991,1,16,47,19,7.9,0.6,-4.1,0.119,0.216,0.312,0.58,0.046,1996-97
228,Chris Dudley,POR,32,210.82,108.86208,Yale,USA,1987,4,75,81,3.9,7.3,0.5,-0.2,0.134,0.249,0.107,0.449,0.036,1996-97
229,Chris Childs,NYK,29,190.5,88.45044,Boise State,USA,1900,1900,1900,65,9.3,2.9,6.1,5.2,0.013,0.094,0.169,0.526,0.309,1996-97
230,Chris Carr,MIN,23,198.12,99.79024,Southern Illinois,USA,1995,2,56,55,6.1,2.1,0.9,3.8,0.043,0.116,0.184,0.558,0.099,1996-97
231,Cherokee Parks,MIN,24,210.82,108.86208,Duke,USA,1995,1,12,76,3.3,2.6,0.4,-0.6,0.098,0.135,0.123,0.535,0.055,1996-97
232,Charlie Ward,NYK,26,187.96,86.18248,Florida State,USA,1994,1,26,79,5.2,2.8,4.1,4,0.031,0.116,0.14,0.522,0.282,1996-97
233,Charles Smith,SAS,31,208.28,110.676448,Pittsburgh,USA,1988,1,3,19,4.6,3.4,0.7,-4.9,0.058,0.179,0.165,0.461,0.072,1996-97
234,Charles Oakley,NYK,33,205.74,111.13004,Virginia Union,USA,1985,1,9,80,10.8,9.8,2.8,3.4,0.107,0.218,0.155,0.545,0.127,1996-97
235,Charles Jones,HOU,40,205.74,97.52228,Albany State (GA),USA,1979,8,165,12,0.3,1.1,0.3,2.6,0.068,0.103,0.025,0.4,0.046,1996-97
236,Charles Barkley,HOU,34,198.12,114.305184,Auburn,USA,1984,1,5,53,19.2,13.5,4.7,7.5,0.127,0.28,0.23,0.581,0.208,1996-97
237,Cedric Ceballos,PHX,27,200.66,102.0582,Cal State-Fullerton,USA,1990,2,48,50,14.6,6.6,1.3,4.1,0.088,0.181,0.246,0.522,0.073,1996-97
238,Carlos Rogers,TOR,26,210.82,99.79024,Tennessee State,USA,1994,1,11,56,9.8,5.4,0.7,-5.7,0.098,0.154,0.168,0.575,0.046,1996-97
239,Carl Thomas,CLE,27,193.04,79.3786,Eastern Michigan,USA,1900,1900,1900,19,1.1,0.7,0.4,-8.9,0.043,0.152,0.167,0.43,0.19,1996-97
240,Carl Herrera,SAS,30,205.74,102.0582,Houston,USA,1990,2,30,75,8,4.5,0.7,-9.7,0.076,0.151,0.19,0.463,0.047,1996-97
241,Calbert Cheaney,WAS,25,200.66,97.52228,Indiana,USA,1993,1,6,79,10.6,3.4,1.4,2,0.036,0.095,0.165,0.53,0.07,1996-97
242,Byron Scott,LAL,36,193.04,92.98636,Arizona State,USA,1983,1,4,79,6.7,1.5,1.3,6.7,0.017,0.075,0.157,0.59,0.11,1996-97
243,Buck Williams,NYK,37,203.2,102.0582,Maryland,USA,1981,1,3,74,6.3,5.4,0.7,6.9,0.135,0.184,0.149,0.574,0.059,1996-97
244,Bryon Russell,UTA,26,200.66,102.0582,Long Beach State,USA,1993,2,45,81,10.8,4.1,1.5,13.5,0.041,0.118,0.15,0.6,0.07,1996-97
245,Chris Whitney,WAS,25,182.88,77.11064,Clemson,USA,1993,2,47,82,5.2,1.3,2.2,2,0.014,0.093,0.183,0.566,0.268,1996-97
246,Christian Laettner,ATL,27,210.82,111.13004,Duke,USA,1992,1,3,82,18.1,8.8,2.7,11,0.084,0.186,0.236,0.562,0.133,1996-97
247,Chucky Brown,MIL,29,203.2,97.52228,North Carolina State,USA,1989,2,43,70,2.9,2.1,0.4,-5.9,0.063,0.177,0.123,0.552,0.057,1996-97
248,Clar. Weatherspoon,PHI,26,200.66,108.86208,Southern Mississippi,USA,1992,1,9,82,12.2,8.3,1.7,-8.3,0.079,0.172,0.155,0.537,0.078,1996-97
249,David Wingate,SEA,33,195.58,83.91452,Georgetown,USA,1986,2,44,65,3.6,1.1,1.2,2.8,0.031,0.069,0.134,0.509,0.137,1996-97
250,David Wesley,BOS,26,185.42,89.811216,Baylor,USA,1900,1900,1900,74,16.8,3.6,7.3,-7.4,0.024,0.084,0.189,0.563,0.286,1996-97
251,David Vaughn,ORL,24,205.74,108.86208,Memphis,USA,1995,1,25,35,2.3,2.7,0.2,-7.5,0.128,0.216,0.172,0.475,0.045,1996-97
252,David Robinson,SAS,31,215.9,106.59412,Navy,USA,1987,1,1,6,17.7,8.5,1.3,9.6,0.161,0.237,0.334,0.559,0.111,1996-97
253,Darvin Ham,IND,23,200.66,99.79024,Texas Tech,USA,1900,1900,1900,36,2.3,1.6,0.4,-2,0.109,0.097,0.14,0.536,0.072,1996-97
254,Darrin Hancock,ATL,25,200.66,92.98636,Kansas,USA,1994,2,38,24,1.8,0.8,0.5,-2.6,0.03,0.118,0.159,0.51,0.136,1996-97
255,Darrick Martin,LAC,26,180.34,77.11064,UCLA,USA,1900,1900,1900,82,10.9,1.4,4.1,-4.5,0.016,0.06,0.232,0.539,0.292,1996-97
256,Darrell Armstrong,ORL,29,185.42,81.64656,Fayetteville State,USA,1900,1900,1900,67,6.1,1.1,2.6,0.3,0.039,0.05,0.222,0.525,0.308,1996-97
257,Danny Manning,PHX,31,208.28,106.140528,Kansas,USA,1988,1,1,77,13.5,6.1,2.2,3.1,0.079,0.184,0.227,0.574,0.136,1996-97
258,Danny Ferry,CLE,30,208.28,106.59412,Duke,USA,1989,1,2,82,10.6,4.1,1.8,2.3,0.04,0.134,0.177,0.523,0.102,1996-97
259,Dana Barros,BOS,30,180.34,73.935496,Boston College,USA,1989,1,16,24,12.5,2,3.4,-10,0.007,0.074,0.188,0.552,0.195,1996-97
260,Bryant Stith,DEN,26,195.58,94.347136,Virginia,USA,1992,1,13,52,14.9,4.2,2.6,-5.6,0.048,0.09,0.201,0.548,0.125,1996-97
261,Dan Schayes,ORL,38,210.82,117.93392,Syracuse,USA,1981,1,13,45,3,2.8,0.3,-1.5,0.091,0.183,0.15,0.465,0.045,1996-97
262,Damon Stoudamire,TOR,23,177.8,77.564232,Arizona,USA,1995,1,7,81,20.2,4.1,8.8,-3.7,0.029,0.09,0.253,0.516,0.38,1996-97
263,Dale Ellis,DEN,36,200.66,97.52228,Tennessee,USA,1983,1,9,82,16.6,3.6,2,-9.1,0.039,0.074,0.214,0.537,0.1,1996-97
264,Dale Davis,IND,28,210.82,104.32616,Clemson,USA,1991,1,13,80,10.4,9.7,0.7,-0.2,0.138,0.215,0.159,0.532,0.04,1996-97
265,Cuonzo Martin,MIL,25,195.58,96.615096,Purdue,USA,1995,2,57,3,0,0.3,0.3,-12.1,0.048,0,0.214,0,0.1,1996-97
266,Craig Ehlo,SEA,35,198.12,81.64656,Washington State,USA,1983,3,48,62,3.5,1.8,1.1,5.7,0.056,0.107,0.166,0.412,0.13,1996-97
267,Cory Alexander,SAS,24,185.42,86.18248,Virginia,USA,1995,1,29,80,7.2,1.5,3.2,-8.8,0.023,0.081,0.218,0.528,0.3,1996-97
268,Corliss Williamson,SAC,23,200.66,111.13004,Arkansas,USA,1995,1,13,79,11.6,4.1,1.6,-4.2,0.082,0.112,0.23,0.535,0.108,1996-97
269,Corie Blount,LAL,28,208.28,109.769264,Cincinnati,USA,1993,1,25,58,4.2,4.8,0.6,2,0.13,0.182,0.119,0.559,0.056,1996-97
270,Clyde Drexler,HOU,35,200.66,100.697424,Houston,USA,1983,1,14,62,18,6,5.7,7.5,0.062,0.122,0.231,0.548,0.261,1996-97
271,Clifford Rozier,TOR,24,210.82,104.32616,Louisville,USA,1994,1,16,42,4.5,5.6,0.7,-6.3,0.151,0.223,0.14,0.471,0.067,1996-97
272,Clifford Robinson,POR,30,208.28,102.0582,Connecticut,USA,1989,2,36,81,15.1,4,3.2,4.4,0.036,0.088,0.199,0.519,0.137,1996-97
273,Dan Majerle,MIA,31,198.12,99.79024,Central Michigan,USA,1988,1,14,36,10.8,4.5,3.2,4.7,0.043,0.111,0.157,0.523,0.158,1996-97
274,David Wood,MIL,32,205.74,104.32616,Nevada-Reno,USA,1900,1900,1900,46,1.2,0.6,0.3,3.9,0.026,0.128,0.1,0.621,0.085,1996-97
275,Bryant Reeves,VAN,24,213.36,124.7378,Oklahoma State,USA,1995,1,6,75,16.2,8.1,2.1,-10.6,0.072,0.185,0.223,0.523,0.106,1996-97
276,Brooks Thompson,DEN,26,193.04,87.543256,Oklahoma State,USA,1994,1,27,67,6.6,1.4,2.7,-6.2,0.019,0.087,0.214,0.526,0.277,1996-97
277,Antonio Davis,IND,28,205.74,104.32616,Texas-El Paso,USA,1990,2,45,82,10.5,7.3,0.8,3.4,0.098,0.206,0.187,0.537,0.049,1996-97
278,Antoine Walker,BOS,20,205.74,101.604608,Kentucky,USA,1996,1,6,82,17.5,9,3.2,-9.3,0.103,0.189,0.251,0.474,0.15,1996-97
279,Antoine Carr,UTA,35,205.74,115.66596,Wichita State,USA,1983,1,8,82,7.4,2.4,0.9,2.2,0.054,0.111,0.21,0.522,0.089,1996-97
280,Anthony Peeler,VAN,27,193.04,94.347136,Missouri,USA,1992,1,15,72,14.5,3.4,3.6,-10.4,0.027,0.096,0.248,0.487,0.208,1996-97
281,Anthony Miller,ATL,25,205.74,115.66596,Michigan State,USA,1994,2,39,1,0,7,0,-50,0.111,0.714,0.149,0,0,1996-97
282,Anthony Mason,CHH,30,203.2,113.398,Tennessee State,USA,1988,3,53,73,16.2,11.4,5.7,2.6,0.074,0.239,0.179,0.585,0.216,1996-97
283,Anthony Goldwire,DEN,25,187.96,82.553744,Houston,USA,1994,2,52,60,6.5,1.4,3.7,-4.1,0.011,0.066,0.168,0.531,0.305,1996-97
284,Anfernee Hardaway,ORL,25,200.66,97.52228,Memphis,USA,1993,1,3,59,20.5,4.5,5.6,4.6,0.041,0.096,0.254,0.554,0.27,1996-97
285,Andrew Lang,MIL,31,210.82,124.7378,Arkansas,USA,1988,2,28,52,5.3,5.3,0.5,-1.2,0.096,0.182,0.123,0.498,0.031,1996-97
286,Andrew DeClercq,GSW,24,208.28,104.32616,Florida,USA,1995,2,34,71,5.3,4.2,0.5,-5.6,0.132,0.198,0.173,0.552,0.05,1996-97
287,Amal McCaskill,ORL,23,210.82,106.59412,Marquette,USA,1996,2,49,17,1.6,1.3,0.4,-15.7,0.038,0.2,0.206,0.376,0.146,1996-97
288,Alton Lister,BOS,38,213.36,111.13004,Arizona State,USA,1981,1,21,53,1.6,3.2,0.2,-13.3,0.136,0.249,0.1,0.48,0.038,1996-97
289,Alonzo Mourning,MIA,27,208.28,118.387512,Georgetown,USA,1992,1,2,66,19.8,9.9,1.6,10.5,0.1,0.229,0.275,0.578,0.086,1996-97
290,Allen Iverson,PHI,22,182.88,74.84268,Georgetown,USA,1996,1,1,76,23.5,4.1,7.5,-7,0.04,0.072,0.284,0.513,0.32,1996-97
291,Allan Houston,NYK,26,198.12,90.7184,Tennessee,USA,1993,1,11,81,14.8,3,2.2,2.9,0.02,0.086,0.223,0.531,0.117,1996-97
292,Aleksandar Djordjevic,POR,29,187.96,89.811216,None,USA,1900,1900,1900,8,3.1,0.6,0.6,4.8,0.021,0.07,0.179,0.687,0.135,1996-97
293,Alan Henderson,ATL,24,205.74,106.59412,Indiana,USA,1995,1,16,30,6.6,3.9,0.8,-9.7,0.114,0.184,0.202,0.51,0.078,1996-97
294,Adrian Caldwell,PHI,30,203.2,120.20188,Lamar,USA,1900,1900,1900,45,2.2,3.7,0.3,-6.2,0.108,0.208,0.105,0.443,0.03,1996-97
295,Adam Keefe,UTA,27,205.74,109.315672,Stanford,USA,1992,1,10,62,3.8,3.5,0.5,6.7,0.11,0.177,0.126,0.572,0.051,1996-97
296,Acie Earl,MIL,27,210.82,108.86208,Iowa,USA,1993,1,19,47,4,2,0.4,-6.4,0.079,0.14,0.224,0.435,0.077,1996-97
297,Aaron Williams,VAN,25,205.74,102.0582,Xavier,USA,1900,1900,1900,33,6.2,4.3,0.5,-8.3,0.129,0.163,0.168,0.599,0.051,1996-97
298,Aaron McKie,DET,24,195.58,94.800728,Temple,USA,1994,1,17,83,5.2,2.7,1.9,5.2,0.031,0.129,0.147,0.524,0.163,1996-97
299,A.C. Green,DAL,33,205.74,102.0582,Oregon State,USA,1985,1,23,83,7.2,7.9,0.8,-8,0.1,0.207,0.119,0.523,0.045,1996-97
300,Antonio Harvey,SEA,26,210.82,102.0582,Pfeiffer,USA,1900,1900,1900,6,2.5,1.7,0.2,1.4,0.074,0.229,0.217,0.55,0.063,1996-97
301,Antonio Lang,CLE,25,203.2,104.32616,Duke,USA,1994,2,29,64,2.7,2,0.5,0.7,0.081,0.118,0.136,0.467,0.068,1996-97
302,Antonio McDyess,DEN,22,205.74,99.79024,Alabama,USA,1995,1,2,74,18.3,7.3,1.4,-7.5,0.07,0.163,0.267,0.509,0.079,1996-97
303,Armen Gilliam,MIL,33,205.74,117.93392,Nevada-Las Vegas,USA,1987,1,2,80,8.6,6.2,0.7,-3.7,0.084,0.219,0.169,0.543,0.042,1996-97
304,Brian Shaw,ORL,31,198.12,90.7184,California-Santa Barbara,USA,1988,1,24,77,7.2,2.5,4.1,-10.5,0.029,0.095,0.184,0.478,0.297,1996-97
305,Brian Grant,SAC,25,205.74,115.212368,Xavier,USA,1994,1,8,24,10.5,5.9,1.2,-7.7,0.098,0.185,0.213,0.511,0.078,1996-97
306,Brian Evans,ORL,23,203.2,99.79024,Indiana,USA,1996,1,27,14,1.4,0.6,0.5,-12.5,0.017,0.121,0.168,0.455,0.194,1996-97
307,Brett Szabo,BOS,29,210.82,104.32616,Augustana (SD),USA,1900,1900,1900,70,2.2,2.4,0.2,-11.1,0.089,0.196,0.119,0.517,0.039,1996-97
308,Brent Scott,IND,26,208.28,113.398,Rice,USA,1900,1900,1900,16,1.2,0.6,0.2,4.9,0.073,0.109,0.186,0.484,0.086,1996-97
309,Brent Price,HOU,28,185.42,83.91452,Oklahoma,USA,1992,2,32,25,5,1.2,2.6,2.9,0.032,0.052,0.17,0.551,0.249,1996-97
310,Brent Barry,LAC,25,198.12,88.45044,Oregon State,USA,1995,1,15,59,7.5,1.9,2.6,4.1,0.03,0.089,0.2,0.526,0.224,1996-97
311,Brad Lohaus,TOR,32,210.82,104.32616,Iowa,USA,1987,2,45,6,1.7,1.2,0.2,-38.4,0.023,0.171,0.153,0.333,0.048,1996-97
312,Bobby Phills,CLE,27,195.58,99.79024,Southern,USA,1991,2,45,69,12.6,3.6,3.4,3.3,0.034,0.101,0.208,0.514,0.178,1996-97
313,Bobby Hurley,SAC,26,182.88,74.84268,Duke,USA,1993,1,7,49,2.9,0.8,3,-2.6,0.015,0.05,0.14,0.482,0.336,1996-97
314,Bob Sura,CLE,24,195.58,90.7184,Florida State,USA,1995,1,17,82,9.2,3.8,4.8,1,0.042,0.134,0.199,0.519,0.318,1996-97
315,Bruce Bowen,MIA,26,200.66,90.7184,Cal State-Fullerton,USA,1900,1900,1900,1,0,0,0,300,0,0,0,0,0,1996-97
316,Bo Outlaw,LAC,26,203.2,95.25432,Houston,USA,1900,1900,1900,82,7.6,5.5,1.9,4,0.092,0.152,0.129,0.602,0.113,1996-97
317,Bison Dele,CHI,28,210.82,117.93392,Arizona,USA,1991,1,10,9,7,3.7,1.3,0.9,0.118,0.154,0.277,0.453,0.14,1996-97
318,Bimbo Coles,GSW,29,187.96,82.553744,Virginia Tech,USA,1990,2,40,51,6.1,2.3,2.9,-6.3,0.04,0.078,0.153,0.463,0.204,1996-97
319,Billy Owens,SAC,28,205.74,102.0582,Syracuse,USA,1991,1,3,66,11,5.9,2.8,-3,0.077,0.152,0.189,0.514,0.154,1996-97
320,Bill Wennington,CHI,34,213.36,111.13004,St. John's (NY),USA,1985,1,16,61,4.6,2.1,0.7,7.7,0.068,0.119,0.168,0.538,0.079,1996-97
321,Benoit Benjamin,TOR,32,213.36,113.398,Creighton,USA,1985,1,3,4,3.3,2.3,0.3,-9.1,0.067,0.167,0.157,0.472,0.036,1996-97
322,Ben Wallace,WAS,22,205.74,108.86208,Virginia Union,USA,1900,1900,1900,34,1.1,1.7,0.1,-3.5,0.132,0.18,0.165,0.347,0.018,1996-97
323,Ben Davis,PHX,24,205.74,108.86208,Arizona,USA,1996,2,43,20,1.5,1.4,0,-0.4,0.132,0.192,0.156,0.417,0,1996-97
324,B.J. Armstrong,GSW,29,187.96,79.3786,Iowa,USA,1989,1,18,49,7.9,1.5,2.6,-6.5,0.008,0.078,0.186,0.538,0.209,1996-97
325,Avery Johnson,SAS,32,180.34,81.64656,Southern,USA,1900,1900,1900,76,10.5,1.9,6.8,-8.6,0.015,0.058,0.175,0.517,0.353,1996-97
326,Ashraf Amaya,WAS,25,203.2,104.32616,Southern Illinois,USA,1900,1900,1900,31,1.3,1.7,0.1,-8.6,0.127,0.289,0.184,0.382,0.038,1996-97
327,Arvydas Sabonis,POR,32,220.98,132.448864,None,Lithuania,1986,1,24,69,13.4,7.9,2.1,8.1,0.082,0.282,0.24,0.592,0.136,1996-97
328,Blue Edwards,VAN,31,193.04,103.418976,East Carolina,USA,1989,1,21,61,7.8,3.1,1.9,-11.1,0.039,0.116,0.193,0.472,0.14,1996-97
329,Yinka Dare,NJN,24,213.36,120.20188,George Washington,USA,1994,1,14,41,1.4,2,0.1,-1.4,0.113,0.191,0.12,0.406,0.013,1996-97
330,Dean Garrett,MIN,30,210.82,113.398,Indiana,USA,1988,2,38,68,8,7.3,0.6,1.2,0.108,0.247,0.135,0.603,0.035,1996-97
331,Dell Curry,CHH,33,195.58,92.98636,Virginia Tech,USA,1986,1,15,68,14.8,3.1,1.7,1.6,0.024,0.098,0.226,0.562,0.104,1996-97
332,Hakeem Olajuwon,HOU,34,213.36,115.66596,Houston,Nigeria,1984,1,1,78,23.2,9.2,3,6.5,0.075,0.206,0.308,0.558,0.158,1996-97
333,Greg Ostertag,UTA,24,218.44,127.00576,Kansas,USA,1995,1,28,77,7.3,7.3,0.4,15.9,0.133,0.246,0.146,0.561,0.021,1996-97
334,Greg Minor,BOS,25,198.12,95.25432,Louisville,USA,1994,1,25,23,9.6,3.5,1.5,-2.1,0.058,0.11,0.189,0.519,0.103,1996-97
335,Greg Graham,SEA,26,193.04,82.553744,Indiana,USA,1993,1,17,28,3.3,0.5,0.4,3.6,0.013,0.063,0.245,0.476,0.1,1996-97
336,Greg Foster,UTA,28,210.82,113.398,Texas-El Paso,USA,1990,2,35,79,3.5,2.4,0.4,-0.9,0.078,0.166,0.168,0.508,0.055,1996-97
337,Greg Dreiling,DAL,33,215.9,120.20188,Kansas,USA,1986,2,26,40,2,1.9,0.3,-8,0.059,0.192,0.114,0.466,0.048,1996-97
338,Greg Anthony,VAN,29,185.42,81.64656,Nevada-Las Vegas,USA,1991,1,12,65,9.5,2.8,6.3,-9.4,0.015,0.099,0.177,0.526,0.358,1996-97
339,Greg Anderson,SAS,33,208.28,113.398,Houston,USA,1987,1,23,82,3.9,5.5,0.4,-14.2,0.109,0.219,0.106,0.531,0.033,1996-97
340,Grant Long,DET,31,205.74,112.490816,Eastern Michigan,USA,1988,2,33,65,5,3.4,0.6,4,0.096,0.15,0.154,0.523,0.058,1996-97
341,Grant Hill,DET,24,203.2,102.0582,Duke,USA,1994,1,3,80,21.4,9,7.3,6.9,0.049,0.232,0.283,0.556,0.356,1996-97
342,Glenn Robinson,MIL,24,200.66,106.59412,Purdue,USA,1994,1,1,80,21.1,6.3,3.1,-2.9,0.051,0.144,0.278,0.528,0.146,1996-97
343,Glen Rice,CHH,30,203.2,99.79024,Michigan,USA,1989,1,4,79,26.8,4,2,3.2,0.025,0.087,0.272,0.605,0.088,1996-97
344,Gheorghe Muresan,WAS,26,231.14,137.438376,None,USA,1993,2,30,73,10.6,6.6,0.4,6.9,0.098,0.217,0.185,0.618,0.024,1996-97
345,Gerald Wilkins,ORL,33,198.12,102.0582,Tennessee-Chattanooga,USA,1985,2,47,80,10.6,2.2,2.2,-5.8,0.031,0.064,0.203,0.503,0.143,1996-97
346,George Zidek,DEN,23,213.36,119.748288,UCLA,USA,1995,1,22,52,2.8,1.7,0.3,-14.1,0.102,0.169,0.195,0.5,0.064,1996-97
347,George McCloud,LAL,30,203.2,102.0582,Florida State,USA,1989,1,7,64,10.2,2.8,1.7,-2.7,0.027,0.111,0.206,0.527,0.125,1996-97
348,George Lynch,VAN,26,203.2,103.418976,North Carolina,USA,1993,1,12,41,8.3,6.4,1.9,-8.2,0.106,0.185,0.175,0.512,0.125,1996-97
349,Gaylon Nickerson,WAS,28,190.5,86.18248,Northwestern Oklahoma,USA,1994,2,34,4,3.8,1.3,0.3,8.9,0.03,0.111,0.174,0.497,0.043,1996-97
350,Gary Trent,POR,22,203.2,113.398,Ohio,USA,1995,1,11,82,10.8,5.2,1.1,2.5,0.101,0.167,0.212,0.569,0.077,1996-97
351,Gary Payton,SEA,28,193.04,86.18248,Oregon State,USA,1990,1,2,82,21.8,4.6,7.1,10.3,0.04,0.102,0.264,0.545,0.33,1996-97
352,Gary Grant,MIA,32,190.5,83.91452,Michigan,USA,1988,1,15,28,3.9,1.4,1.6,3.2,0.029,0.105,0.194,0.46,0.215,1996-97
353,Fred Roberts,DAL,36,208.28,98.883056,Brigham Young,USA,1982,2,27,12,1.8,0.8,0,-13.1,0.053,0.178,0.265,0.52,0,1996-97
354,Fred Hoiberg,IND,24,193.04,92.079176,Iowa State,USA,1995,2,52,47,4.8,1.7,0.9,4.9,0.028,0.146,0.172,0.59,0.122,1996-97
355,Harvey Grant,WAS,31,205.74,102.0582,Oklahoma,USA,1988,1,12,78,4.1,3.3,0.9,1.7,0.045,0.136,0.102,0.477,0.059,1996-97
356,Haywoode Workman,IND,31,187.96,81.64656,Oral Roberts,USA,1989,2,49,4,5.5,1.8,2.8,-7.3,0.056,0.045,0.139,0.538,0.234,1996-97
357,Henry James,ATL,31,203.2,99.79024,St. Mary's (TX),USA,1900,1900,1900,53,6.7,1.5,0.4,1.2,0.034,0.067,0.171,0.555,0.036,1996-97
358,Herb Williams,NYK,39,210.82,117.93392,Ohio State,USA,1981,1,14,21,1.9,1.5,0.2,-10.8,0.056,0.141,0.132,0.408,0.045,1996-97
359,Jeff McInnis,DEN,22,193.04,86.18248,North Carolina,USA,1996,2,37,13,5,0.5,1.4,-17.8,0.021,0.04,0.259,0.609,0.327,1996-97
360,Jeff Hornacek,UTA,34,193.04,86.18248,Iowa State,USA,1986,2,46,82,14.5,2.9,4.4,14.4,0.031,0.082,0.2,0.596,0.21,1996-97
361,Jeff Grayer,SAC,31,195.58,95.25432,Iowa State,USA,1988,1,13,25,3.6,1.5,1,0.7,0.077,0.067,0.154,0.496,0.124,1996-97
362,Jayson Williams,NJN,29,205.74,108.86208,St. John's (NY),USA,1990,1,21,41,13.4,13.5,1.2,-8.8,0.167,0.248,0.209,0.443,0.062,1996-97
363,Jason Sasser,DAL,23,200.66,102.0582,Texas Tech,USA,1996,2,41,8,2.4,1,0.3,-24.2,0.018,0.14,0.172,0.413,0.067,1996-97
364,Jason Kidd,PHX,24,193.04,94.347136,California,USA,1994,1,2,55,10.9,4.5,9,2.4,0.039,0.106,0.17,0.498,0.37,1996-97
365,Jason Caffey,CHI,24,203.2,116.119552,Alabama,USA,1995,1,20,75,7.3,4,1.2,9,0.114,0.134,0.184,0.574,0.094,1996-97
366,Jaren Jackson,WAS,29,198.12,95.25432,Georgetown,USA,1900,1900,1900,75,5,1.8,0.9,1.7,0.03,0.104,0.167,0.52,0.09,1996-97
367,Jamie Watson,DAL,25,200.66,86.18248,South Carolina,USA,1994,2,47,23,3.4,2,1.4,-7.8,0.069,0.098,0.149,0.493,0.159,1996-97
368,Jamie Feick,SAS,22,203.2,115.66596,Michigan State,USA,1996,2,48,41,3.7,5.2,0.6,-12.2,0.133,0.253,0.15,0.405,0.065,1996-97
369,James Scott,MIA,25,198.12,81.64656,St. John's (NY),USA,1900,1900,1900,8,0.1,0.8,0.4,-14.7,0.036,0.147,0.158,0.056,0.136,1996-97
370,Frankie King,PHI,25,185.42,83.91452,Western Carolina,USA,1995,2,37,7,2.9,2,0.7,1.4,0.065,0.156,0.13,0.521,0.106,1996-97
371,James Robinson,MIN,26,187.96,81.64656,Alabama,USA,1993,1,21,69,8.3,1.6,1.8,-2.7,0.021,0.076,0.207,0.537,0.163,1996-97
372,Jalen Rose,IND,24,203.2,95.25432,Michigan,USA,1994,1,13,66,7.3,1.8,2.3,1.3,0.028,0.095,0.214,0.541,0.234,1996-97
373,Jack Haley,NJN,33,208.28,109.769264,UCLA,USA,1987,4,79,20,2,1.6,0.3,5,0.167,0.284,0.224,0.441,0.088,1996-97
374,Ivano Newbill,ATL,26,208.28,111.13004,Georgia Tech,USA,1994,1900,1900,72,1.4,2.8,0.3,2.5,0.104,0.189,0.083,0.439,0.042,1996-97
375,Isaiah Rider,POR,26,195.58,97.52228,Nevada-Las Vegas,USA,1993,1,5,76,16.1,4,2.6,3.4,0.045,0.097,0.229,0.557,0.129,1996-97
376,Ike Austin,MIA,27,208.28,122.46984,Arizona State,USA,1991,2,48,82,9.7,5.8,1.2,2.9,0.09,0.218,0.227,0.536,0.1,1996-97
377,Hubert Davis,TOR,27,195.58,83.007336,North Carolina,USA,1992,1,20,36,5,1.1,0.9,-3.3,0.02,0.054,0.154,0.466,0.088,1996-97
378,Howard Eisley,UTA,24,187.96,80.285784,Boston College,USA,1994,2,30,82,4.5,1,2.4,2.5,0.024,0.067,0.192,0.53,0.296,1996-97
379,Hot Rod Williams,PHX,34,210.82,111.13004,Tulane,USA,1985,2,45,68,8,8.3,1.5,4.3,0.099,0.199,0.122,0.538,0.067,1996-97
380,Horacio Llamas,PHX,23,210.82,129.27372,Grand Canyon,USA,1900,1900,1900,20,1.7,0.9,0.2,11.5,0.048,0.137,0.19,0.539,0.056,1996-97
381,Horace Grant,ORL,31,208.28,111.13004,Clemson,USA,1987,1,10,67,12.6,9,2.4,1.1,0.094,0.19,0.161,0.546,0.112,1996-97
382,Hersey Hawkins,SEA,30,190.5,86.18248,Bradley,USA,1988,1,6,82,13.9,3.9,3,10.3,0.04,0.098,0.173,0.616,0.143,1996-97
383,Jamal Mashburn,MIA,24,203.2,113.398,Kentucky,USA,1993,1,4,69,11.9,4.3,2.9,1.4,0.037,0.121,0.207,0.487,0.158,1996-97
384,Dee Brown,BOS,28,187.96,87.089664,Jacksonville,USA,1990,1,19,21,7.6,2.3,3.2,-7.5,0.015,0.095,0.163,0.455,0.202,1996-97
385,Frank Brickowski,BOS,37,205.74,108.86208,Penn State,USA,1981,3,57,17,4.8,2,0.9,-22.4,0.026,0.133,0.173,0.512,0.116,1996-97
386,Evric Gray,NJN,27,200.66,106.59412,Nevada-Las Vegas,USA,1900,1900,1900,5,2.6,0.6,0.4,17.5,0.026,0.049,0.192,0.388,0.065,1996-97
387,Donyell Marshall,GSW,24,205.74,104.32616,Connecticut,USA,1994,1,4,61,7.3,4.5,0.9,-8.6,0.098,0.21,0.222,0.478,0.088,1996-97
388,Dontonio Wingfield,POR,23,203.2,116.119552,Cincinnati,USA,1994,2,37,47,4.5,2.9,1,1.3,0.132,0.144,0.204,0.501,0.14,1996-97
389,Donny Marshall,CLE,24,200.66,104.32616,Connecticut,USA,1995,2,39,56,3.1,1.3,0.4,-8.7,0.045,0.118,0.19,0.476,0.085,1996-97
390,Donnie Boyce,ATL,23,195.58,88.904032,Colorado,USA,1995,2,42,22,2.5,0.7,0.6,-10.3,0.051,0.059,0.244,0.378,0.146,1996-97
391,Donald Whiteside,TOR,28,177.8,72.57472,Northern Illinois,USA,1900,1900,1900,27,2.2,0.4,1.3,-12.4,0.009,0.046,0.134,0.479,0.234,1996-97
392,Donald Royal,CHH,31,203.2,98.883056,Notre Dame,USA,1987,3,52,62,3.5,2.5,0.4,-4.6,0.073,0.137,0.131,0.552,0.047,1996-97
393,Don Reid,DET,23,203.2,113.398,Georgetown,USA,1995,2,58,47,2.8,2.1,0.3,-1.5,0.092,0.159,0.154,0.523,0.053,1996-97
394,Don MacLean,PHI,27,208.28,106.59412,UCLA,USA,1992,1,19,37,10.9,3.8,1,-5.9,0.06,0.152,0.264,0.493,0.091,1996-97
395,Dominique Wilkins,SAS,37,203.2,104.32616,Georgia,USA,1982,1,3,63,18.2,6.4,1.9,-10.3,0.101,0.154,0.297,0.517,0.118,1996-97
396,Dino Radja,BOS,30,210.82,102.0582,None,USA,1989,2,40,25,14,8.4,1.9,-3.3,0.058,0.217,0.227,0.471,0.092,1996-97
397,Dikembe Mutombo,ATL,31,218.44,113.398,Georgetown,Congo,1991,1,4,80,13.3,11.6,1.4,8.1,0.112,0.256,0.179,0.584,0.066,1996-97
398,Doug Christie,TOR,27,198.12,92.98636,Pepperdine,USA,1992,1,17,81,14.5,5.3,3.9,-2.6,0.031,0.135,0.184,0.543,0.165,1996-97
399,Dickey Simpkins,CHI,25,205.74,112.490816,Providence,USA,1994,1,21,48,1.9,1.9,0.6,-0.9,0.099,0.151,0.163,0.411,0.112,1996-97
400,Devin Gray,SAS,25,200.66,108.86208,Clemson,USA,1995,1900,1900,6,3,2.3,0.3,-42.1,0.113,0.25,0.263,0.319,0.071,1996-97
401,Detlef Schrempf,SEA,34,208.28,106.59412,Washington,USA,1985,1,8,61,16.8,6.5,4.4,12.2,0.049,0.166,0.211,0.592,0.2,1996-97
402,Derrick McKey,IND,30,205.74,92.98636,Alabama,USA,1987,1,9,50,8,4.8,2.7,-0.2,0.067,0.127,0.167,0.462,0.154,1996-97
403,Derrick Coleman,PHI,30,208.28,117.93392,Syracuse,USA,1990,1,1,57,18.1,10.1,3.4,-5.4,0.08,0.225,0.24,0.518,0.161,1996-97
404,Derrick Alston,ATL,24,210.82,102.0582,Duquesne,USA,1994,2,33,2,0,2,0,-39.9,0.188,0.2,0.213,0,0,1996-97
405,Derek Strong,ORL,29,205.74,108.86208,Xavier,USA,1990,2,47,82,8.5,6.3,0.9,-0.7,0.1,0.208,0.182,0.513,0.064,1996-97
406,Derek Harper,DAL,35,193.04,93.439952,Illinois,USA,1983,1,11,75,10,1.8,4.3,-7.7,0.016,0.057,0.181,0.516,0.252,1996-97
407,Derek Fisher,LAL,22,185.42,90.7184,Arkansas-Little Rock,USA,1996,1,24,80,3.9,1.2,1.5,5.1,0.031,0.087,0.186,0.491,0.223,1996-97
408,Dennis Scott,ORL,28,203.2,106.59412,Georgia Tech,USA,1990,1,4,66,12.5,3.1,2.1,1.9,0.021,0.092,0.188,0.519,0.106,1996-97
409,Dennis Rodman,CHI,36,198.12,99.79024,Southeastern Oklahoma State,USA,1986,2,27,55,5.7,16.1,3.1,16.1,0.186,0.323,0.1,0.479,0.113,1996-97
410,Dell Demps,ORL,27,190.5,92.98636,Pacific,USA,1900,1900,1900,2,1,0,0,-53.7,0,0,0.185,0.258,0,1996-97
411,Dexter Boney,PHX,27,193.04,83.91452,Nevada-Las Vegas,USA,1900,1900,1900,8,2.4,0.8,0,-19.6,0.058,0.071,0.231,0.422,0,1996-97
412,Felton Spencer,GSW,29,213.36,127.00576,Louisville,USA,1990,1,6,73,5.1,5.7,0.3,-1.2,0.124,0.205,0.128,0.524,0.02,1996-97
413,Doug Overton,PHI,27,190.5,86.18248,La Salle,USA,1991,2,40,61,3.6,1.1,1.7,-1.3,0.031,0.085,0.172,0.514,0.258,1996-97
414,Duane Causwell,SAC,29,213.36,108.86208,Temple,USA,1990,1,18,46,2.6,2.8,0.4,-11.8,0.112,0.143,0.111,0.535,0.056,1996-97
415,Ervin Johnson,DEN,29,210.82,111.13004,New Orleans,USA,1993,1,23,82,7.1,11.1,0.9,-5.9,0.103,0.294,0.114,0.543,0.042,1996-97
416,Erick Strickland,DAL,23,190.5,95.25432,Nebraska,USA,1900,1900,1900,28,10.6,3.2,2.4,-6.4,0.032,0.112,0.216,0.51,0.161,1996-97
417,Erick Dampier,IND,21,210.82,120.20188,Mississippi State,USA,1996,1,10,72,5.1,4.1,0.6,-2,0.107,0.216,0.218,0.451,0.074,1996-97
418,Eric Williams,BOS,24,203.2,99.79024,Providence,USA,1995,1,14,72,15,4.6,1.8,-6.8,0.057,0.107,0.207,0.533,0.087,1996-97
419,Eric Snow,SEA,24,190.5,90.7184,Michigan State,USA,1995,2,43,67,3,1,2.4,-1.2,0.027,0.085,0.145,0.515,0.339,1996-97
420,Eric Piatkowski,LAC,26,200.66,97.52228,Nebraska,USA,1994,1,15,65,6,1.6,0.8,2.4,0.071,0.088,0.22,0.579,0.111,1996-97
421,Eric Murdock,DEN,29,185.42,86.18248,Providence,USA,1991,1,21,12,3.8,0.9,2,-1.4,0.01,0.102,0.188,0.588,0.436,1996-97
422,Eric Montross,NJN,25,213.36,122.46984,North Carolina,USA,1994,1,9,78,4.4,6.6,0.8,-6.6,0.107,0.206,0.112,0.452,0.05,1996-97
423,Eric Mobley,VAN,27,210.82,106.59412,Pittsburgh,USA,1994,1,18,28,2.6,2.1,0.5,-15.4,0.106,0.102,0.158,0.472,0.076,1996-97
424,Eric Leckner,VAN,31,210.82,120.20188,Wyoming,USA,1988,1,17,20,1.7,1.8,0.3,-3.9,0.044,0.258,0.175,0.444,0.067,1996-97
425,Ennis Whatley,POR,34,190.5,80.285784,Alabama,USA,1983,1,13,3,1.3,1,1,-57.4,0,0.15,0.115,0.5,0.375,1996-97
426,Doug West,MIN,30,198.12,99.79024,Villanova,USA,1989,2,38,68,7.8,2.2,1.7,-3.1,0.024,0.07,0.143,0.505,0.092,1996-97
427,Emanual Davis,HOU,28,195.58,87.996848,Delaware State,USA,1900,1900,1900,13,5,1.7,2,6.6,0.011,0.098,0.144,0.565,0.191,1996-97
428,Elmer Bennett,DEN,27,182.88,77.11064,Notre Dame,USA,1992,2,38,9,2.4,0.4,1.2,-7.4,0,0.053,0.187,0.47,0.216,1996-97
429,Elliot Perry,MIL,28,182.88,72.57472,Memphis,USA,1991,2,37,82,6.9,1.5,3,-1.2,0.018,0.081,0.177,0.557,0.262,1996-97
430,Eldridge Recasner,ATL,29,193.04,86.18248,Washington,USA,1992,1900,1900,71,5.7,1.6,1.3,-0.3,0.036,0.076,0.172,0.539,0.141,1996-97
431,Elden Campbell,LAL,28,213.36,113.398,Clemson,USA,1990,1,27,77,14.9,8,1.6,3.3,0.095,0.183,0.222,0.52,0.087,1996-97
432,Eddie Jones,LAL,25,198.12,86.18248,Temple,USA,1994,1,10,80,17.2,4.1,3.4,4.1,0.035,0.091,0.209,0.559,0.149,1996-97
433,Eddie Johnson,HOU,38,200.66,97.52228,Illinois,USA,1981,2,29,52,8.2,2.7,1,4.1,0.034,0.126,0.22,0.541,0.102,1996-97
434,Ed Pinckney,MIA,34,205.74,108.86208,Villanova,USA,1985,1,10,27,2.4,2.4,0.2,-11.2,0.109,0.179,0.127,0.611,0.04,1996-97
435,Ed O'Bannon,DAL,24,203.2,100.697424,UCLA,USA,1995,1,9,64,3.7,2.3,0.6,-8.7,0.06,0.149,0.167,0.399,0.077,1996-97
436,Earl Cureton,TOR,39,205.74,95.25432,Detroit Mercy,USA,1979,3,58,9,0.8,1,0.4,-2.1,0.105,0.102,0.103,0.376,0.148,1996-97
437,Dwayne Schintzius,LAC,28,215.9,117.93392,Florida,USA,1990,1,24,15,2.3,1.5,0.3,12.3,0.078,0.151,0.175,0.43,0.048,1996-97
438,Duane Ferrell,IND,32,200.66,97.52228,Georgia Tech,USA,1900,1900,1900,62,6.4,2.3,1.1,2.3,0.066,0.091,0.181,0.521,0.1,1996-97
439,Elmore Spencer,SEA,27,213.36,122.46984,Nevada-Las Vegas,USA,1992,1,25,1,0,0,0,-147.5,0,0,0.126,0,0,1996-97
440,Zan Tabak,TOR,27,213.36,111.13004,None,USA,1991,2,51,13,6.5,3.8,1.1,-12.2,0.11,0.135,0.219,0.501,0.111,1996-97